Job ID,Job URL,Job Title,Company Name,Status,Timestamp,WP ID
6d2b0f41dbd6399a,https://mk.linkedin.com/jobs/view/educator-at-nido-early-school-4426956217,Educator,,scraped,2026-07-07T01:43:30.739612,
284abf1d487d8d68,https://mk.linkedin.com/jobs/view/distributed-systems-engineer-apache-big-data-internals-remote-work-ref%23294485-at-bairesdev-4426554449,Distributed Systems Engineer (Apache Big Data Internals) - Remote Work | REF#294485,,scraped,2026-07-07T01:43:38.888259,
55bf532f8275f3a1,https://mk.linkedin.com/jobs/view/creative-director-at-digital-silk-growing-brands-online-4436772101,Creative Director,Digital Silk - Growing Brands Online,posted,2026-07-07T01:44:05.492929,21
7980e61d019d8553,https://mk.linkedin.com/jobs/view/sales-call-center-agent-italian-speaking-at-neo-group-4437190646,Sales Call Center Agent (Italian-speaking),,scraped,2026-07-07T01:44:08.105877,
00ac6b6dbc972c8b,https://mk.linkedin.com/jobs/view/vil-du-gj%C3%B8re-beslutninger-tryggere%3F-bli-analyseleder-p%C3%A5-fefe-at-%C3%B8st-politidistrikt-4435830043,Vil du gjøre beslutninger tryggere? Bli analyseleder på FEFE,,scraped,2026-07-07T01:44:14.782620,
dd51648f40a6527f,https://mk.linkedin.com/jobs/view/workforce-management-analyst-at-slice-4417389106,Workforce Management Analyst,Slice,posted,2026-07-07T01:44:39.063939,23
ef1e5e3c9f721ad2,https://mk.linkedin.com/jobs/view/senior-data-engineer-azure-at-proxify-4335523416,Senior Data Engineer (Azure),,scraped,2026-07-07T01:44:41.832511,
28f48ab276444f24,https://mk.linkedin.com/jobs/view/community-growth-operator-at-cef-ai-4426813677,Community & Growth Operator,CEF.AI,posted,2026-07-07T01:44:53.254154,25
e7718dd6194ed370,https://mk.linkedin.com/jobs/view/technical-designer-remote-talent-pipeline-at-forgotten-empires-4436384403,Technical Designer (Remote) - Talent Pipeline,,scraped,2026-07-07T01:44:55.867244,
8dd7122ba189ddbb,https://mk.linkedin.com/jobs/view/gtm-copywriter-cold-email-at-hypergen-b2b-cold-email-4434625778,GTM Copywriter - Cold Email,,scraped,2026-07-07T01:45:09.365014,
9876ccdac7903bc6,https://mk.linkedin.com/jobs/view/albanian-language-translation-professionals-remote-at-crossing-hurdles-4426916922,Albanian Language & Translation Professionals | Remote,,scraped,2026-07-07T01:45:22.790979,
479b31bd218baa43,https://mk.linkedin.com/jobs/view/cro-focused-web-designer-job-posting-at-fuelerate-4433941894,CRO-Focused Web Designer | Job Posting,Fuelerate,posted,2026-07-07T12:17:19.674806,27
559aa43cbf66a008,https://mk.linkedin.com/jobs/view/finance-assistant-xero-sage-50-4433166673,Finance Assistant - Xero / Sage 50,Ngine Room Limited,posted,2026-07-07T12:17:27.155777,29
2aae0af55d6c8121,https://mk.linkedin.com/jobs/view/senior-sharepoint-developer-at-proxify-4437154659,Senior Sharepoint Developer,,scraped,2026-07-07T12:17:29.792694,
baba03cd76ff7622,https://mk.linkedin.com/jobs/view/account-executive-at-jobrack-4435509459,Account Executive,,scraped,2026-07-07T12:17:36.733404,
775d4ddaca3a6f55,https://mk.linkedin.com/jobs/view/recruiting-specialist-at-scopic-4436295074,Recruiting Specialist,Scopic,posted,2026-07-07T12:17:50.615119,31
86c577ff18e1653c,https://mk.linkedin.com/jobs/view/senior-creative-director-at-jobrack-4437730836,Senior Creative Director,,scraped,2026-07-07T12:17:55.264411,
c40ca41c5477f560,https://mk.linkedin.com/jobs/view/insurance-biller-at-quincy-medical-group-4436812526,Insurance Biller,Quincy Medical Group,posted,2026-07-07T20:32:48.855701,33
450a687ac37b061c,https://mk.linkedin.com/jobs/view/cloud-network-engineer-at-paymentology-4437793860,Cloud Network Engineer,,scraped,2026-07-07T20:32:51.505074,
1a98a768adc24ea1,https://mk.linkedin.com/jobs/view/senior-distributed-systems-engineer-remote-work-ref%23293798-at-bairesdev-4426545463,Senior Distributed Systems Engineer - Remote Work | REF#293798,BairesDev,posted,2026-07-08T07:18:33.642930,45
44dc0215b227adc3,https://mk.linkedin.com/jobs/view/senior-back-end-developer-node-express-js-at-worldly-4438141058,Senior Back-End Developer (Node/Express.js),Worldly,posted,2026-07-08T07:18:47.043247,47
888a58f0986895d0,https://mk.linkedin.com/jobs/view/senior-platform-engineer-kubernetes-remote-work-ref%23294060-at-bairesdev-4426567345,Senior Platform Engineer (Kubernetes) - Remote Work | REF#294060,BairesDev,posted,2026-07-08T07:19:01.976423,49
9576e1026d066fef,https://mk.linkedin.com/jobs/view/senior-next-js-developer-at-proxify-4300854892,Senior Next.js Developer,,scraped,2026-07-08T07:19:04.592803,
f23f19fc6f5976cb,https://mk.linkedin.com/jobs/view/senior-java-backend-developer-remote-work-ref%23290299-at-bairesdev-4420456747,Senior Java Backend Developer - Remote Work | REF#290299,BairesDev,posted,2026-07-08T07:19:17.199370,51
38eac3d867362fd6,https://mk.linkedin.com/jobs/view/senior-data-engineer-aws-python-at-proxify-4335202813,Senior Data Engineer (AWS & Python),,scraped,2026-07-08T07:19:19.825421,
b86213aeff499df3,https://mk.linkedin.com/jobs/view/senior-laravel-developer-at-proxify-4437174397,Senior Laravel Developer,,scraped,2026-07-08T07:19:26.583373,
7bc95f311032e656,https://mk.linkedin.com/jobs/view/senior-devops-engineer-azure-at-proxify-4335872431,Senior DevOps Engineer (Azure),,scraped,2026-07-08T07:19:34.231432,
1713958d3bf7db7c,https://mk.linkedin.com/jobs/view/senior-software-engineer-scala-remote-work-ref%23290229-at-bairesdev-4420460676,Senior Software Engineer (Scala) - Remote Work | REF#290229,BairesDev,posted,2026-07-08T07:19:46.880347,53
1f7be653452dbde5,https://mk.linkedin.com/jobs/view/senior-software-engineer-java-remote-work-ref%23289995-at-bairesdev-4420451836,Senior Software Engineer (Java) - Remote Work | REF#289995,BairesDev,posted,2026-07-08T07:19:55.319397,55
2a0e329fee51176c,https://mk.linkedin.com/jobs/view/%D0%BD%D0%B5%D1%84%D1%80%D0%BE%D0%BB%D0%BE%D0%B3-at-diaverum-4252815558,Нефролог,Diaverum,failed|wp_post_failed,2026-07-08T13:19:47.131036,
ac71f1fe1acd4446,https://mk.linkedin.com/jobs/view/java-technical-support-engineer-remote-work-at-bairesdev-4436201280,Java Technical Support Engineer - Remote Work,BairesDev,posted,2026-07-08T13:19:59.587764,57
f7555db779455113,https://mk.linkedin.com/jobs/view/business-development-manager-at-designrush-4436713483,Business Development Manager,DesignRush,posted,2026-07-08T13:20:08.204767,59
96483649944fdc43,https://mk.linkedin.com/jobs/view/senior-data-scientist-at-valtech-4426398270,Senior Data Scientist,,scraped,2026-07-08T13:20:10.930877,
8ba61c9130b398c6,https://mk.linkedin.com/jobs/view/ux-ui-designer-at-the-flex-4436389250,UX/UI Designer,,scraped,2026-07-08T13:20:31.683555,
6aacc0541b1e0c5b,https://mk.linkedin.com/jobs/view/workday-administrator-at-verint-4433196457,Workday Administrator,Verint,posted,2026-07-08T18:56:17.542868,61
7e0ba565395a1d5e,https://mk.linkedin.com/jobs/view/product-manager-it-peripherals-gaming-at-neptun-makedonija-4433707021,Product Manager (IT Peripherals & Gaming),Neptun Makedonija,posted,2026-07-08T18:56:29.515314,63
9b61816435dbd66e,https://mk.linkedin.com/jobs/view/repartidor-profesional-at-autozone-4435227476,REPARTIDOR PROFESIONAL,AutoZone,posted,2026-07-08T18:56:41.700368,65
a5dd23ee922d8b94,https://mk.linkedin.com/jobs/view/global-mobile-administrator-at-adient-4425382523,Global Mobile Administrator,Adient,posted,2026-07-08T18:56:51.289954,67
debd63b5abbe851e,https://mk.linkedin.com/jobs/view/sales-development-representative-at-amiy-4438203294,Sales Development Representative,,scraped,2026-07-08T18:56:53.909320,
2594187d60c53739,https://mk.linkedin.com/jobs/view/bookkeeper-at-connect-macedonia-4437715295,Bookkeeper,,scraped,2026-07-08T18:57:00.952585,
4492d9a80535551d,https://mk.linkedin.com/jobs/view/entrepreneur-in-residence-eir-at-the-flex-4436938690,Entrepreneur in Residence (EIR),,scraped,2026-07-08T18:57:11.200410,
98dfaae60d8a9cd7,https://mk.linkedin.com/jobs/view/grc-manager-at-omilia-4437764491,GRC Manager,,scraped,2026-07-08T18:57:17.926466,
913f2a958238bafd,https://mk.linkedin.com/jobs/view/bilingual-customer-service-specialist-german-english-%E2%80%93-voice-chat-at-talentpop-app-4434880496,Bilingual Customer Service Specialist (German/English) – Voice & Chat,TalentPop App,posted,2026-07-08T18:57:30.355293,69
3cc4a2ef0098e97f,https://mk.linkedin.com/jobs/view/german-sales-representative-remote-at-talentpop-app-4434875547,German Sales Representative (Remote),TalentPop App,posted,2026-07-08T18:57:39.166571,71
b21fc19d3861a7b1,https://mk.linkedin.com/jobs/view/customer-service-associate-%E2%80%93-german-speaker-at-talentpop-app-4434884455,Customer Service Associate – German Speaker,TalentPop App,posted,2026-07-08T18:57:54.670918,73
3d27069a57a9375f,https://mk.linkedin.com/jobs/view/%D0%BF%D1%80%D0%B8%D0%B4%D1%80%D1%83%D0%B6%D0%B5%D1%82%D0%B5-%D1%81%D0%B5-%D0%BD%D0%B0-%D0%BD%D0%B0%D1%88%D0%B8%D0%BE%D1%82-%D1%82%D0%B8%D0%BC-%D0%BA%D0%BE%D1%80%D0%B8%D1%81%D0%BD%D0%B8%D1%87%D0%BA%D0%B0-%D0%BF%D0%BE%D0%B4%D0%B4%D1%80%D1%88%D0%BA%D0%B0-%D0%B3%D0%B5%D1%80%D0%BC%D0%B0%D0%BD%D1%81%D0%BA%D0%B8-%D0%B0%D0%BD%D0%B3%D0%BB%D0%B8%D1%81%D0%BA%D0%B8-%E2%80%93-100%25-%D1%80%D0%B0%D0%B1%D0%BE%D1%82%D0%B0-%D0%BE%D0%B4-%D0%B4%D0%BE%D0%BC%D0%B0-at-talentpop-app-4434880379,Придружете се на нашиот тим: Корисничка поддршка (германски/англиски) – 100% Работа од дома,TalentPop App,posted,2026-07-09T11:26:14.728625,75
630a307305f0365a,https://mk.linkedin.com/jobs/view/qa-engineer-manual-at-oak-s-lab-4438553791,QA Engineer - Manual,,scraped,2026-07-09T11:26:23.425950,
0b85a4edd4e975c8,https://mk.linkedin.com/jobs/view/web-engineer-emea-at-human-made-4438246910,Web Engineer - EMEA,,scraped,2026-07-09T11:26:31.885112,
c652cdf27c5bcfd5,https://mk.linkedin.com/jobs/view/kundenservice-deutsch-englisch-%E2%80%93-100%25-remote-homeoffice-at-talentpop-app-4434883406,Kundenservice (Deutsch/Englisch) – 100% Remote / Homeoffice,TalentPop App,posted,2026-07-09T11:26:45.208706,77
7c63b2e365d3f1d9,https://mk.linkedin.com/jobs/view/java-software-engineer-remote-work-ref%23297057-at-bairesdev-4438257782,Java Software Engineer - Remote Work | REF#297057,BairesDev,posted,2026-07-09T11:26:54.003539,79
f13b9507c309dbeb,https://mk.linkedin.com/jobs/view/german-english-speaking-customer-service-support-at-talentpop-app-4434885464,German-English Speaking Customer Service Support,TalentPop App,posted,2026-07-09T11:27:02.900826,81
f06c906e0930a137,https://mk.linkedin.com/jobs/view/german-english-speaking-customer-service-support-at-talentpop-app-4434892137,German-English Speaking Customer Service Support,TalentPop App,scraped,2026-07-09T11:27:06.983307,
d020d0d71909d05c,https://mk.linkedin.com/jobs/view/assistant-service-manager-at-nido-early-school-4437904907,Assistant Service Manager,,scraped,2026-07-09T23:54:23.357724,
eaeca0779ea15ee6,https://mk.linkedin.com/jobs/view/sales-manager-us-market-at-crystalia-glass-llc-4436751833,Sales Manager (US Market),Crystalia Glass LLC,posted,2026-07-09T23:54:38.373580,83
f1e7cbd273c87d8a,https://mk.linkedin.com/jobs/view/conversational-ai-application-developer-english-and-greek-speaker-at-omilia-4438200419,Conversational AI Application Developer (English and Greek speaker),,scraped,2026-07-09T23:54:41.024434,
ff7e596ec0ee93b6,https://mk.linkedin.com/jobs/view/marketing-manager-at-digital-silk-growing-brands-online-4438693293,Marketing Manager,Digital Silk - Growing Brands Online,posted,2026-07-09T23:55:07.758559,85
3149a2a318853a04,https://mk.linkedin.com/jobs/view/delivery-and-installation-specialist-at-aaron-sales-and-leasing-4439017201,Delivery and Installation Specialist,Aaron Sales And Leasing,posted,2026-07-10T11:23:59.469017,87
a50b79d5f4b29f28,https://mk.linkedin.com/jobs/view/%D0%BD%D0%B5%D1%84%D1%80%D0%BE%D0%BB%D0%BE%D0%B3-at-diaverum-4252819195,Нефролог,Diaverum,failed|wp_post_failed,2026-07-10T11:24:06.895285,
669ffef4bf036888,https://mk.linkedin.com/jobs/view/%D0%BD%D0%B5%D1%84%D1%80%D0%BE%D0%BB%D0%BE%D0%B3-at-diaverum-4252819194,Нефролог,Diaverum,failed|wp_post_failed,2026-07-10T11:24:18.938746,
4156e60cf56c22cc,https://mk.linkedin.com/jobs/view/accounting-specialist-at-emko-inc-4435989699,Accounting Specialist,EMKO Inc,posted,2026-07-10T18:09:42.387185,89
da8cbb1369c3ca2c,https://mk.linkedin.com/jobs/view/account-manager-at-helix-animation-4439029634,Account Manager,,scraped,2026-07-10T18:09:59.185869,
00fd65ac9c9e1310,https://mk.linkedin.com/jobs/view/power-platform-developer-contractor-at-hso-4437997334,Power Platform Developer (Contractor),HSO,posted,2026-07-10T23:33:24.584452,91
714fbf4b007036b9,https://mk.linkedin.com/jobs/view/%D0%BD%D0%B5%D1%84%D1%80%D0%BE%D0%BB%D0%BE%D0%B3-at-diaverum-4252811970,Нефролог,Diaverum,failed|wp_post_failed,2026-07-11T11:33:21.324900,
54aea3db2c9d3083,https://mk.linkedin.com/jobs/view/senior-java-technical-support-engineer-remote-work-ref%23297009-at-bairesdev-4438265442,Senior Java Technical Support Engineer - Remote Work | REF#297009,BairesDev,posted,2026-07-11T15:38:00.084767,93
b8f07063b4e07b4e,https://mk.linkedin.com/jobs/view/%D0%BC%D0%B0%D1%80%D0%BA%D0%B5%D1%82%D0%B8%D0%BD%D0%B3-%D1%80%D0%B5%D1%84%D0%B5%D1%80%D0%B5%D0%BD%D1%82-at-%D0%B6%D0%B8%D1%82%D0%BE-%D0%BC%D0%B0%D1%80%D0%BA%D0%B5%D1%82%D0%B8-4435651538,Маркетинг референт,Жито Маркети,failed|wp_post_failed,2026-07-11T18:39:26.361189,
1daef9b2002c5c97,https://mk.linkedin.com/jobs/view/billing-specialist-at-causeway-connect-4437274312,Billing Specialist,,scraped,2026-07-13T12:21:21.856583,
950b04810f78157c,https://mk.linkedin.com/jobs/view/%D0%BD%D0%B5%D1%84%D1%80%D0%BE%D0%BB%D0%BE%D0%B3-at-diaverum-4252811969,Нефролог,Diaverum,failed|wp_post_failed,2026-07-13T12:21:41.795216,
21c451105fdd7f7a,https://mk.linkedin.com/jobs/view/insurance-biller-at-quincy-medical-group-4439126277,Insurance Biller,Quincy Medical Group,posted,2026-07-13T12:22:10.310337,33
60dff150e8443f8c,https://mk.linkedin.com/jobs/view/sdr-cold-caller-for-tech-startup-at-agently-4439265556,SDR Cold Caller for Tech Startup,Agently,posted,2026-07-20T11:31:11.458540,95
031e7ae4dd6513b8,https://mk.linkedin.com/jobs/view/buyer-business-unit-at-adient-4437682166,Buyer Business Unit,Adient,posted,2026-07-20T11:31:20.410918,97
967c5bae52d0ef65,https://mk.linkedin.com/jobs/view/transport-planner-at-codognotto-4438720532,Transport Planner,,scraped,2026-07-20T11:31:22.973562,
612949924d2de337,https://mk.linkedin.com/jobs/view/assistant-service-manager-at-nido-early-school-4440200537,Assistant Service Manager,,scraped,2026-07-20T11:31:30.194105,
80b5864e094a018e,https://mk.linkedin.com/jobs/view/project-manager-at-spiralyze-4440235729,Project Manager,Spiralyze,posted,2026-07-20T11:31:45.380502,99
0a4da0569a15960d,https://mk.linkedin.com/jobs/view/contracts-document-control-administrator-with-bilingual-trilingual-interpretation-at-sova-contract-project-management-consulting-doo-4438027286,Contracts & Document Control Administrator (with Bilingual/Trilingual Interpretation),SOVA Contract &amp; Project Management Consulting doo,posted,2026-07-20T11:31:55.200779,101
ee38c78486fb56cc,https://mk.linkedin.com/jobs/view/plant-health-safety-engineer-at-sidenor-steel-industry-4422342817,PLANT HEALTH & SAFETY ENGINEER,,scraped,2026-07-20T11:31:57.628180,
da77331e10f4431d,https://mk.linkedin.com/jobs/view/%D0%BD%D0%B5%D1%84%D1%80%D0%BE%D0%BB%D0%BE%D0%B3-at-diaverum-4257026801,Нефролог,Diaverum,failed|wp_post_failed,2026-07-20T11:32:13.202186,
348ffe211b0755cd,https://mk.linkedin.com/jobs/view/lead-generation-specialist-at-designrush-4435148999,Lead Generation Specialist,DesignRush,posted,2026-07-20T11:32:21.192268,103
82261c02e280278e,https://mk.linkedin.com/jobs/view/about-southeastern-at-slu-marketing-4445358283,ABOUT SOUTHEASTERN,SLU Marketing,posted,2026-07-27T12:46:05.900921,105
a054b1b864c6e692,https://mk.linkedin.com/jobs/view/driver-recruiter-at-liv-enterprises-inc-4441512355,Driver Recruiter,LIV ENTERPRISES INC,posted,2026-07-27T12:46:14.184027,107
cb239ea9e98e2845,https://mk.linkedin.com/jobs/view/junior-account-executive-at-contactout-4443484443,Junior Account Executive,ContactOut,posted,2026-07-27T12:46:21.614235,109
7df5ec4ec756586f,https://mk.linkedin.com/jobs/view/corporate-slovak-and-english-trainer-at-gofluent-4443773824,Corporate Slovak and English Trainer,,scraped,2026-07-27T12:46:24.274897,
495916a40b563250,https://mk.linkedin.com/jobs/view/corporate-english-trainer-at-gofluent-4441505417,Corporate English Trainer,,scraped,2026-07-27T12:46:32.200907,
dddd7b15196e79b5,https://mk.linkedin.com/jobs/view/ai-security-specialist-at-deel-4432789263,AI Security Specialist,Deel,posted,2026-07-27T12:46:44.684310,111
f88ca6e312f8d4b8,https://mk.linkedin.com/jobs/view/probation-and-parole-officer-at-state-of-oklahoma-4442913209,Probation and Parole Officer,State of Oklahoma,posted,2026-07-27T12:46:53.757632,113
be1dd6f6e4071038,https://mk.linkedin.com/jobs/view/technical-ai-engagement-lead-at-neurons-lab-4444443916,Technical AI Engagement Lead,,scraped,2026-07-27T12:46:56.361328,
8f0435d83c783ca2,https://mk.linkedin.com/jobs/view/junior-talent-operations-specialist-at-loka-4444931853,Junior Talent Operations Specialist,Loka,posted,2026-07-27T12:47:09.078490,115
efb3166c0eb1e78a,https://mk.linkedin.com/jobs/view/social-media-content-creator-at-superior-global-services-4437297229,Social Media Content Creator,,scraped,2026-07-27T12:47:11.489242,
eb5f2378945da1df,https://mk.linkedin.com/jobs/view/quality-engineer-4444136240,Quality Engineer,Adient Seating Stip,posted,2026-08-03T12:46:33.964030,117
cea9d6b8053d94c4,https://mk.linkedin.com/jobs/view/educator-at-nido-early-school-4447922165,Educator,,scraped,2026-08-03T12:46:42.458316,
16924702a8e435bc,https://mk.linkedin.com/jobs/view/pfion-vince-at-ms-represents-4447944320,PFION VINCE,,scraped,2026-08-10T06:03:03.782655,
6bbba21a742168b8,https://mk.linkedin.com/jobs/view/vince-at-yes-network-4450011159,VINCE,YES Network,posted,2026-08-10T06:03:24.780278,119
a3bcb401b53111ed,https://mk.linkedin.com/jobs/view/regional-supervisor-at-philip-morris-international-4450262737,Regional Supervisor,,scraped,2026-08-10T06:03:29.344109,
614b2dfb75f17195,https://mk.linkedin.com/jobs/view/leitung-zentralapotheke-m-w-d-at-landesapothekerkammer-baden-w%C3%BCrttemberg-4449964072,Leitung Zentralapotheke (m/w/d),,scraped,2026-08-10T06:03:38.022861,
60e27be4c8462f21,https://mk.linkedin.com/jobs/view/on-page-seo-specialist-at-wisevu-4449631530,On-Page SEO Specialist,Wisevu,posted,2026-08-10T06:03:51.003345,121
d8b48103274101bd,https://mk.linkedin.com/jobs/view/junior-talent-operations-specialist-at-loka-4450254740,Junior Talent Operations Specialist,Loka,posted,2026-08-10T06:03:56.084923,115
b931a11d9d053cad,https://mk.linkedin.com/jobs/view/product-designer-at-provectus-4449473402,Product Designer,Provectus,posted,2026-08-10T06:04:08.075917,123
69f6ba5933e9e3d9,https://mk.linkedin.com/jobs/view/senior-data-engineer-at-valtech-4441464862,Senior Data Engineer,,scraped,2026-08-10T06:04:10.660475,
5bad093c531b81fe,https://mk.linkedin.com/jobs/view/lead-java-developer-at-oip-insurtech-4448456411,Lead Java Developer,OIP Insurtech,posted,2026-08-10T06:04:24.229713,125
ba2a7f4740e48622,https://mk.linkedin.com/jobs/view/fluent-english-business-development-specialist-north-macedonia-at-supportyourapp-4450243894,(fluent English) Business Development Specialist (North Macedonia),SupportYourApp,posted,2026-08-10T06:04:34.054962,127
f0490e277ad84679,https://mk.linkedin.com/jobs/view/radiology-technologist-imaging-liberty-lake-wa-at-novamed-4448628532,"RADIOLOGY TECHNOLOGIST - IMAGING (LIBERTY LAKE, WA)",Novamed,posted,2026-08-10T06:04:44.674374,129
d891bed00a0644c9,https://mk.linkedin.com/jobs/view/ux-ui-trainee-at-provectus-4449019190,UX/UI Trainee,Provectus,posted,2026-08-10T06:04:52.877819,131
32ede06ac67f0c5b,https://mk.linkedin.com/jobs/view/wissenschaftliche-r-mitarbeiter-in-am-lehrstuhl-hochschul-und-wissenschaftsmanagement-kennz-1326-at-lehrstuhl-f%C3%BCr-%C3%B6ffentliches-recht-insbesondere-recht-der-digitalisierung-universit%C3%A4t-speyer-4448670786,wissenschaftliche/r Mitarbeiter/in am Lehrstuhl Hochschul- und Wissenschaftsmanagement - Kennz. 1326,,scraped,2026-08-10T06:04:55.472064,
bc9cf19996dd8d21,https://mk.linkedin.com/jobs/view/fluent-english-business-development-specialist-north-macedonia-at-supportyourapp-4450256791,(fluent English) Business Development Specialist (North Macedonia),SupportYourApp,posted,2026-08-10T06:05:05.413073,127
1e8a31381088dd76,https://mk.linkedin.com/jobs/view/payroll-specialist-at-native-teams-4453372251,Payroll Specialist,,scraped,2026-08-17T02:36:36.225401,
0aa393ab3e071f4e,https://mk.linkedin.com/jobs/view/ai-security-specialist-at-deel-4449554148,AI Security Specialist,Deel,posted,2026-08-17T02:36:46.442436,111
f37f459fa75baf62,https://mk.linkedin.com/jobs/view/sales-development-representative-at-amiy-4451397609,Sales Development Representative,,scraped,2026-08-17T02:36:49.057717,
64e10577d332a3bd,https://mk.linkedin.com/jobs/view/talent-coach-at-toptal-4451874786,Talent Coach,Toptal,posted,2026-08-17T02:37:03.663978,133
f3638eb7ea3c6bd1,https://mk.linkedin.com/jobs/view/best-designs-operations-specialist-at-designrush-4452469230,Best Designs Operations Specialist,DesignRush,posted,2026-08-17T02:37:11.344668,135
e50124f62d0ab2b6,https://mk.linkedin.com/jobs/view/especialista-comercial-at-autozone-4453289743,ESPECIALISTA COMERCIAL,AutoZone,posted,2026-08-17T02:37:21.097703,137
2298bd0467bde378,https://mk.linkedin.com/jobs/view/business-support-manager-at-nhs-scotland-4453709634,Business Support Manager,,scraped,2026-08-17T02:37:23.761527,
731e345f8b2664ad,https://mk.linkedin.com/jobs/view/salesforce-developer-at-slice-4452474523,Salesforce Developer,Slice,posted,2026-08-17T02:37:37.375596,139
e062d93b577504bf,https://mk.linkedin.com/jobs/view/representante-ventas-at-autozone-4453297713,REPRESENTANTE VENTAS,AutoZone,posted,2026-08-17T02:37:51.252231,141
9e038512041e03c7,https://mk.linkedin.com/jobs/view/technical-screening-team-lead-at-toptal-4447004887,Technical Screening Team Lead,Toptal,posted,2026-08-24T02:39:40.122720,143
083a836757e8dc45,https://mk.linkedin.com/jobs/view/payroll-team-lead-at-native-teams-4455563698,Payroll Team Lead,,scraped,2026-08-24T02:39:42.753005,
12876016209efbb3,https://mk.linkedin.com/jobs/view/recruiter-at-four-ways-cargo-4448579152,Recruiter,Four Ways Cargo,posted,2026-08-24T02:39:54.995652,145
8cd76bde0f0fdd0a,https://mk.linkedin.com/jobs/view/%D1%82%D0%B5%D1%85%D0%BD%D0%B8%D1%87%D0%B0%D1%80-%D0%B7%D0%B0-%D1%82%D0%B5%D0%BB%D0%B5%D0%BA%D0%BE%D0%BC%D1%83%D0%BD%D0%B8%D0%BA%D0%B0%D1%86%D0%B8%D1%81%D0%BA%D0%B0-%D0%BC%D1%80%D0%B5%D0%B6%D0%B0-%D0%BA%D1%83%D0%BC%D0%B0%D0%BD%D0%BE%D0%B2%D0%BE-at-a1-makedonija-4454493818,Техничар за телекомуникациска мрежа (Куманово),,scraped,2026-08-24T02:39:57.612488,
d4e7205f5fdd5135,https://mk.linkedin.com/jobs/view/representante-ventas-at-autozone-4456088243,REPRESENTANTE VENTAS,AutoZone,posted,2026-08-24T02:40:07.674849,141
fec563cfd5ae0416,https://mk.linkedin.com/jobs/view/repartidor-profesional-at-autozone-4456085233,REPARTIDOR PROFESIONAL,AutoZone,posted,2026-08-24T02:40:14.575281,65
654a93ce77c62aeb,https://mk.linkedin.com/jobs/view/ai-security-specialist-at-deel-4453883445,AI Security Specialist,Deel,posted,2026-08-24T02:40:19.345276,111
4122ac4beef04a1b,https://mk.linkedin.com/jobs/view/talent-acquisition-specialist-at-socially-powerful-4456307275,Talent Acquisition Specialist,Socially Powerful,posted,2026-08-24T02:40:27.744114,147
920c9a7b90a219f9,https://mk.linkedin.com/jobs/view/senior-engineer-at-enigma-computers-4453434548,Senior Engineer,Enigma Computers,posted,2026-08-24T02:40:38.723197,149
ca1e5f44d7dd5673,https://mk.linkedin.com/jobs/view/senior-o-m-technician-at-goldwind-4457352682,Senior O&M Technician,,scraped,2026-08-24T02:40:41.069031,
d6c174f52394544b,https://mk.linkedin.com/jobs/view/fluent-english-senior-full-stack-developer-python-java-react-at-supportyourapp-4444455076,(fluent English) Senior Full-Stack Developer (Python/Java/React),SupportYourApp,posted,2026-08-24T02:40:56.248262,151
7729eb65e8b36f40,https://mk.linkedin.com/jobs/view/sales-manager-hirelago-com-talent-pool-at-lago-4456277638,Sales Manager ( HireLago.com Talent pool),Lago,posted,2026-08-24T02:41:10.377312,153
38d3fcd18a56ba75,https://mk.linkedin.com/jobs/view/senior-data-architect-at-symphony-solutions-4457315505,Senior Data Architect,,scraped,2026-08-24T02:41:12.949528,
9c2e73242619325e,https://mk.linkedin.com/jobs/view/team-lead-at-amiy-4455253737,Team Lead,,scraped,2026-08-24T02:41:20.427702,
9072358d92db1ca5,https://mk.linkedin.com/jobs/view/sr-shopify-hydrogen-full-stack-developer-at-lago-4454794619,Sr. Shopify Hydrogen Full Stack Developer,Lago,posted,2026-08-24T02:41:35.444302,155
68e28a78ff5614d6,https://mk.linkedin.com/jobs/view/job-offer-at-pickering-connect-4456991829,Job Offer,,scraped,2026-08-31T07:06:10.447116,
1fcc01b542e343c2,https://mk.linkedin.com/jobs/view/truck-maintenance-support-at-impel-maintenance-4457285064,Truck Maintenance Support,IMPEL MAINTENANCE,posted,2026-08-31T07:06:25.289050,157
055fcafff17e08ae,https://mk.linkedin.com/jobs/view/delivery-driver-at-aaron-sales-and-leasing-4460188993,Delivery Driver,Aaron Sales And Leasing,posted,2026-08-31T07:06:36.006972,159
5a4689207bd687be,https://mk.linkedin.com/jobs/view/astrology-chat-operator-at-ruby-labs-4459308506,Astrology Chat Operator,Ruby Labs,posted,2026-08-31T07:06:43.628734,161
5e2a6f6bf7934245,https://mk.linkedin.com/jobs/view/recolector-de-hub-at-autozone-4458336770,RECOLECTOR DE HUB,AutoZone,posted,2026-08-31T07:06:52.698902,163
61a66f37a0995892,https://mk.linkedin.com/jobs/view/sales-development-representative-ent-cee-baltics-at-deel-4456513300,"Sales Development Representative, ENT | CEE&Baltics",Deel,posted,2026-08-31T07:07:00.073500,165
7dd35353f0d97ba4,https://mk.linkedin.com/jobs/view/sales-development-representative-smb-cee-baltics-at-deel-4456509354,"Sales Development Representative, SMB | CEE&Baltics",Deel,posted,2026-08-31T07:07:08.449832,167
0bf9eec62264452c,https://mk.linkedin.com/jobs/view/%D1%81%D0%BF%D0%B5%D1%86%D0%B8%D1%98%D0%B0%D0%BB%D0%B8%D1%81%D1%82-%D0%B7%D0%B0-%D1%87%D0%BE%D0%B2%D0%B5%D1%87%D0%BA%D0%B8-%D1%80%D0%B5%D1%81%D1%83%D1%80%D1%81%D0%B8-at-%D0%B6%D0%B8%D1%82%D0%BE-%D0%BC%D0%B0%D1%80%D0%BA%D0%B5%D1%82%D0%B8-4457221976,Специјалист за човечки ресурси,Жито Маркети,failed|wp_post_failed,2026-08-31T07:07:12.498992,
624f1101dde8c635,https://mk.linkedin.com/jobs/view/ads-creative-strategist-e-commerce-marketing-agency-at-hustler-marketing-4458191172,Ads Creative Strategist - E-commerce Marketing Agency,,scraped,2026-08-31T07:07:17.009307,
09d9a5de90d3f476,https://mk.linkedin.com/jobs/view/project-manager-construction-at-crystalia-glass-llc-4460337332,Project Manager (Construction),Crystalia Glass LLC,posted,2026-08-31T07:07:29.307083,169
9f75d339b3655541,https://mk.linkedin.com/jobs/view/amazon-image-brief-conversion-associate-at-rankona-mazon-4461028404,Amazon Image Brief & Conversion Associate,Rankona Mazon,posted,2026-08-31T07:07:39.847276,171
416c33b564bcbf78,https://mk.linkedin.com/jobs/view/corporate-spanish-trainer-english-bilingual-at-gofluent-4457787583,Corporate Spanish Trainer (English Bilingual),,scraped,2026-08-31T07:07:42.497557,
70c9e608371cc3f7,https://mk.linkedin.com/jobs/view/ai-architect-tech-lead-mahjong-game-at-neurons-lab-4459367398,AI Architect / Tech Lead (mahjong game),,scraped,2026-08-31T07:07:50.677546,
cde400d9eb747b8f,https://mk.linkedin.com/jobs/view/contract-psychotherapist-psychologist-minor-care-specialization-at-spring-health-4458274799,(Contract) Psychotherapist / Psychologist (Minor Care Specialization),Spring Health,posted,2026-08-31T07:08:04.251197,173
2a6ac4dd5f64f309,https://mk.linkedin.com/jobs/view/sales-agent-at-connect-macedonia-4458516298,Sales Agent,,scraped,2026-08-31T07:08:06.883904,
81f5dec7d9045f55,https://mk.linkedin.com/jobs/view/snoop-dogg%E2%80%99s-international-ice-cream-taster-at-dr-bombay-bosslady-foods-4458306073,Snoop Dogg’s International Ice Cream Taster,Dr.Bombay / Bosslady Foods,posted,2026-08-31T07:08:19.701793,175
fbb9ff8c2295cc1e,https://mk.linkedin.com/jobs/view/ai-architect-voice-ai-at-neurons-lab-4459377275,AI Architect (Voice AI),,scraped,2026-08-31T07:08:22.310104,
c73fd6eb96301307,https://mk.linkedin.com/jobs/view/data-annotator-architectural-project-at-label-your-data-4463606197,Data Annotator | Architectural Project,Label Your Data,posted,2026-09-07T06:13:04.668671,177
01a69b05922302fd,https://mk.linkedin.com/jobs/view/senior-security-consultant-f-m-x-at-sii-poland-4460719716,Senior Security Consultant (f/m/x),,scraped,2026-09-07T06:13:07.334412,
8861479f67b8492e,https://mk.linkedin.com/jobs/view/structural-engineer-at-utopia-design-4461858046,Structural Engineer,,scraped,2026-09-07T06:13:14.597068,
98c001c31842de9f,https://mk.linkedin.com/jobs/view/content-marketer-at-huzzle-com-4462822304,Content Marketer,,scraped,2026-09-07T06:13:21.401277,
12bdf7fc8d80657a,https://mk.linkedin.com/jobs/view/talent-screener-at-lago-4460640445,Talent Screener,Lago,posted,2026-09-07T06:13:35.029599,179
0697cbecb248f4b9,https://mk.linkedin.com/jobs/view/business-development-associate-at-digital-silk-growing-brands-online-4461742510,Business Development Associate,Digital Silk - Growing Brands Online,posted,2026-09-07T06:13:43.767420,181
3a41461b1e91845d,https://mk.linkedin.com/jobs/view/%D0%BA%D0%BE%D0%BE%D1%80%D0%B4%D0%B8%D0%BD%D0%B0%D1%82%D0%BE%D1%80-%D0%BD%D0%B0-%D0%BB%D0%BE%D1%98%D0%B0%D0%BB%D0%BD%D0%B0-%D0%BF%D1%80%D0%BE%D0%B3%D1%80%D0%B0%D0%BC%D0%B0-at-%D0%B6%D0%B8%D1%82%D0%BE-%D0%BC%D0%B0%D1%80%D0%BA%D0%B5%D1%82%D0%B8-4458882292,Координатор на лојална програма,Жито Маркети,failed|wp_post_failed,2026-09-07T06:13:48.165564,
9e411f52a1791ce1,https://mk.linkedin.com/jobs/view/dry-van-dispatcher-at-highboost-corp-4459940616,Dry van dispatcher,HIGHBOOST CORP,posted,2026-09-07T06:14:00.394638,183
25fa2875c83d59c9,https://mk.linkedin.com/jobs/view/amazon-brand-manager-remote-at-gigabrands-4462302655,Amazon Brand Manager - Remote,GigaBrands,posted,2026-09-07T06:14:09.377348,185
f9c9572e05841e2d,https://mk.linkedin.com/jobs/view/senior-finance-analyst-%E2%80%94-the-flex-at-the-flex-4462810450,Senior Finance Analyst — The Flex,,scraped,2026-09-07T06:14:12.021830,
d0aa78d3cc8cbe26,https://mk.linkedin.com/jobs/view/client-onboarding-specialist-german-at-jupiter-bpo-4459962403,Client Onboarding Specialist (German),,scraped,2026-09-07T06:14:19.500077,
6b9ec00aee002fa3,https://mk.linkedin.com/jobs/view/senior-data-engineer-at-loka-4453089857,Senior Data Engineer,Loka,posted,2026-09-07T06:14:33.775747,187
b0209cb3a6df0e5d,https://mk.linkedin.com/jobs/view/graphic-designer-at-aeximius-sa-4463392401,Graphic Designer,,scraped,2026-09-07T06:14:36.446299,
9426f39a6822e8b8,https://mk.linkedin.com/jobs/view/people-talent-operations-specialist-at-yocto-4460710806,People & Talent Operations Specialist,YOCTO,posted,2026-09-07T06:14:48.642332,189
45a8221efee013f1,https://mk.linkedin.com/jobs/view/senior-international-recruiter-non-tech-recruitment-at-airadvisor-4460731099,(Senior) International Recruiter / Non-Tech Recruitment,AirAdvisor,posted,2026-09-07T06:14:57.739401,191
0ff19a2f541e40eb,https://mk.linkedin.com/jobs/view/mechanical-design-engineer-4459525135,Mechanical Design Engineer,AC Electric Tech,posted,2026-09-07T06:15:06.796946,193
a010ffc7bfb4b8cb,https://mk.linkedin.com/jobs/view/talent-acquisition-specialist-at-premium-service-inc-4463047533,Talent Acquisition Specialist,Premium Service Inc.,posted,2026-09-14T06:28:55.664919,147
02f338fe3916e4b5,https://mk.linkedin.com/jobs/view/sales-development-representative-intake-pod-at-belkins-inc-4465354331,Sales Development Representative (Intake Pod),Belkins Inc.,posted,2026-09-14T06:29:04.730287,195
d0481cc426c2d686,https://mk.linkedin.com/jobs/view/representante-ventas-at-autozone-4464164550,REPRESENTANTE VENTAS,AutoZone,posted,2026-09-14T06:29:09.436499,141
700b6a27e9c7b5bf,https://mk.linkedin.com/jobs/view/paid-ppc-performance-marketing-specialist-at-digital-silk-growing-brands-online-4448300013,Paid PPC Performance Marketing Specialist,Digital Silk - Growing Brands Online,posted,2026-09-14T06:29:19.185426,197
d2a10f8a8004076e,https://mk.linkedin.com/jobs/view/digital-advertising-specialist-media-buyer-at-dineline-4464222059,Digital Advertising Specialist (Media Buyer),Dineline,posted,2026-09-14T06:29:26.993150,199
6d10a3a923e67c7f,https://mk.linkedin.com/jobs/view/mechanical-maintenance-engineer-at-steelmet-corporate-services-4465699316,MECHANICAL MAINTENANCE ENGINEER,,scraped,2026-09-14T06:29:29.463085,
c4b5448308764baf,https://mk.linkedin.com/jobs/view/strategic-finance-manager-at-the-flex-4464482843,Strategic Finance Manager,,scraped,2026-09-14T06:29:37.311845,
1fe2163a75c10484,https://mk.linkedin.com/jobs/view/ai-engineer-technical-product-owner-at-foxelli-group-4466723282,AI Engineer (Technical Product Owner),,scraped,2026-09-14T06:29:46.343840,
affa2b0b756f475c,https://mk.linkedin.com/jobs/view/technical-marketing-specialist-at-a88lab-saas-agency-4464467306,Technical Marketing Specialist,,scraped,2026-09-14T06:29:52.519933,
8ec1b560a3b720c1,https://mk.linkedin.com/jobs/view/quality-assurance-tester-german-language-at-babylon-software-solution-4462200388,Quality Assurance Tester (German language),,scraped,2026-09-14T06:30:05.646979,
b062ecd3ef6fa3e7,https://mk.linkedin.com/jobs/view/creative-producer-at-ruby-labs-4466378410,Creative Producer,Ruby Labs,posted,2026-09-14T06:30:17.514090,201
577281159778944f,https://mk.linkedin.com/jobs/view/customer-support-m-f-d-swedish-english-full-remote-at-avedo-gmbh-4465040244,Customer Support (m/f/d) swedish & english - full remote,,scraped,2026-09-14T06:30:22.170947,
ef67966836fcc38a,https://mk.linkedin.com/jobs/view/customer-support-m-f-d-danish-english-at-avedo-gmbh-4465018436,Customer Support (m/f/d) danish & english,,scraped,2026-09-14T06:30:29.239915,
92fd32213385bd41,https://mk.linkedin.com/jobs/view/ads-creative-strategist-e-commerce-marketing-agency-at-hustler-marketing-4466308434,Ads Creative Strategist - E-commerce Marketing Agency,Hustler Marketing,posted,2026-09-14T06:30:47.782506,203
d9e45d922a7bdfe4,https://mk.linkedin.com/jobs/view/customer-support-m-f-d-finnish-english-full-remote-at-avedo-gmbh-4465034337,Customer Support (m/f/d) finnish & english - full remote,,scraped,2026-09-14T06:30:58.387800,
73ab0ab03be8a0e7,https://mk.linkedin.com/jobs/view/%D0%BF%D1%80%D0%BE%D0%B4%D0%B0%D0%B6%D0%B5%D0%BD-%D0%B0%D0%B3%D0%B5%D0%BD%D1%82-%D1%81%D1%82%D1%80%D1%83%D0%BC%D0%B8%D1%86%D0%B0-at-a1-makedonija-4466507347,Продажен агент (Струмица),,scraped,2026-09-21T06:33:44.454327,
5f2feb6b55bcbf96,https://mk.linkedin.com/jobs/view/senior-seo-specialist-at-digital-silk-growing-brands-online-4467060741,Senior SEO Specialist,Digital Silk - Growing Brands Online,posted,2026-09-21T06:34:02.003935,205
fe5bbbeeb31400e8,https://mk.linkedin.com/jobs/view/assembly-and-test-technician-at-heidelberger-druckmaschinen-ag-4469194083,Assembly and test technician,,scraped,2026-09-21T06:34:04.688227,
c87631c3d6a07ff5,https://mk.linkedin.com/jobs/view/link-building-specialist-at-rotate-digital-4467512286,Link Building Specialist,Rotate Digital,posted,2026-09-21T06:34:17.557288,207
08579c265d24fdfd,https://mk.linkedin.com/jobs/view/quality-inspector-at-heidelberger-druckmaschinen-ag-4469194086,Quality inspector,,scraped,2026-09-21T06:34:20.202473,
13d203a88366e8f7,https://mk.linkedin.com/jobs/view/marketing-content-writer-at-42dm-4466280311,Marketing Content Writer,42DM,posted,2026-09-21T06:34:32.732830,209
06c9f42b57cd5b8d,https://mk.linkedin.com/jobs/view/senior-product-manager-at-toptal-4448684379,Senior Product Manager,Toptal,posted,2026-09-21T06:34:42.050751,211
0f10f8cf11e49930,https://mk.linkedin.com/jobs/view/full-stack-node-js-team-lead-at-matrix-eastern-europe-4465518609,Full Stack Node.js Team Lead,,scraped,2026-09-21T06:34:46.709711,
f2c9f0e7118d0556,https://mk.linkedin.com/jobs/view/german-conversation-class-trainer-english-bilingual-at-gofluent-4466909463,German Conversation Class Trainer (English Bilingual),,scraped,2026-09-21T06:34:56.453857,
49ec48f9206ca65e,https://mk.linkedin.com/jobs/view/senior-devops-engineer-aws-at-proxify-4335133648,Senior DevOps Engineer (AWS),,scraped,2026-09-21T06:35:07.156828,
685e26881fa5a155,https://mk.linkedin.com/jobs/view/data-engineer-at-mentor-talent-acquisition-4461886104,Data Engineer,Mentor Talent Acquisition,posted,2026-09-21T06:35:27.735679,213
b9ffd513c53513ef,https://mk.linkedin.com/jobs/view/ai-adoption-manager-at-neurons-lab-4469181128,AI Adoption Manager,,scraped,2026-09-21T06:35:30.400268,
e1c3dd56f768f1f5,https://mk.linkedin.com/jobs/view/fullstack-software-engineer-ai-native-senior-at-people%2B-4465952700,Fullstack Software Engineer (AI-Native) | Senior,,scraped,2026-09-21T06:35:38.286792,
d8b3efdf42bee1be,https://mk.linkedin.com/jobs/view/macedonian-language-expert-at-imerit-4465413355,Macedonian Language Expert,iMerit,posted,2026-09-21T06:35:49.906899,215
6825e2645ea65601,https://mk.linkedin.com/jobs/view/video-editor-at-the-flex-4471897389,Video Editor,,scraped,2026-09-28T07:04:35.543213,
e57d62a1b31d3da4,https://mk.linkedin.com/jobs/view/bim-coordinator-remote-at-utopia-design-4468906323,BIM Coordinator - Remote,,scraped,2026-09-28T07:04:42.124665,
8b6d0da2aade8b99,https://mk.linkedin.com/jobs/view/engineering-manager-services-at-slice-4470455266,"Engineering Manager, Services",Slice,failed|wp_post_failed,2026-09-28T07:04:55.552537,
58c34590c84dc879,https://mk.linkedin.com/jobs/view/engineering-manager-devex-at-slice-4470462101,"Engineering Manager, DevEx",Slice,failed|wp_post_failed,2026-09-28T07:05:02.957661,
77a0a3f25cf4a1ca,https://mk.linkedin.com/jobs/view/hr-generalist-at-disaster-care-capital-4471695324,HR Generalist,,scraped,2026-09-28T07:05:05.494493,
025fd32f84c139a8,https://mk.linkedin.com/jobs/view/seo-manager-at-designrush-4472027554,SEO Manager,DesignRush,failed|wp_post_failed,2026-09-28T07:05:19.558936,
66235613e4eec317,https://mk.linkedin.com/jobs/view/data-annotator-for-geospatial-lidar-project-at-label-your-data-4472035362,Data Annotator for Geospatial / LiDAR project,Label Your Data,failed|wp_post_failed,2026-09-28T07:05:28.005371,
c7038e53d6857a1b,https://mk.linkedin.com/jobs/view/data-annotator-for-geospatial-lidar-project-at-label-your-data-4472027604,Data Annotator for Geospatial / LiDAR project,Label Your Data,failed|wp_post_failed,2026-09-28T07:05:36.346690,
dd94dbc8faa0c916,https://mk.linkedin.com/jobs/view/full-stack-engineer-at-digital-fox-4470589894,Full Stack Engineer,,scraped,2026-09-28T07:05:38.885158,
6b929d771c351347,https://mk.linkedin.com/jobs/view/inbound-sales-representative-at-disaster-care-capital-4469750172,Inbound Sales Representative,,scraped,2026-09-28T07:05:44.932154,
4763a8d931b8a79b,https://mk.linkedin.com/jobs/view/ubuntu-linux-user-for-ai-data-training-at-sme-careers-4472455386,Ubuntu/Linux User for AI Data Training,SME Careers,failed|wp_post_failed,2026-09-28T07:05:57.432407,
41b4a0b7c688c7ef,https://mk.linkedin.com/jobs/view/salesperson-for-children%E2%80%99s-online-courses-remote-at-kodland-4405111846,Salesperson for Children’s Online Courses (Remote),,scraped,2026-09-28T07:06:00.022681,
8779408a0f620cb0,https://mk.linkedin.com/jobs/view/data-annotator-for-geospatial-lidar-project-at-label-your-data-4472026624,Data Annotator for Geospatial / LiDAR project,Label Your Data,failed|wp_post_failed,2026-09-28T07:06:13.074168,
d0d7b8994618a874,https://mk.linkedin.com/jobs/view/senior-architect-at-studio-atrium-4471712534,Senior Architect,,scraped,2026-09-30T10:36:58.321648,
d7e9fa0eb63ad79d,https://mk.linkedin.com/jobs/view/engineering-manager-devex-at-slice-4473011242,"Engineering Manager, DevEx",Slice,failed|wp_post_failed,2026-09-30T10:37:30.929159,
b490d8104b02793f,https://mk.linkedin.com/jobs/view/client-advisor-at-toptal-4473263667,Client Advisor,Toptal,failed|wp_post_failed,2026-09-30T10:37:52.416270,
9bcbb130e8fc3f0f,https://mk.linkedin.com/jobs/view/account-executive-at-embedsocial-4472489628,Account Executive,,scraped,2026-09-30T10:37:55.078869,
90f44184ab884081,https://mk.linkedin.com/jobs/view/contract-psychotherapist-psychologist-minor-care-specialization-at-spring-health-4473028182,(Contract) Psychotherapist / Psychologist (Minor Care Specialization),Spring Health,posted,2026-09-30T10:38:09.138094,173
07afd1e747271472,https://mk.linkedin.com/jobs/view/quality-control-manager-4473088761,Quality Control Manager,F.I. Kristal 1923 AD R.Macedonia,failed|wp_post_failed,2026-09-30T10:38:28.662386,
bb81c1b419132fd1,https://mk.linkedin.com/jobs/view/engineering-manager-devex-at-slice-4472747337,"Engineering Manager, DevEx",Slice,scraped,2026-09-30T10:38:34.868580,
4e6ee9176fe1bf4f,https://mk.linkedin.com/jobs/view/maintenance-specialist-at-premium-service-inc-4471213211,Maintenance Specialist,Premium Service Inc.,failed|wp_post_failed,2026-10-03T09:58:34.326893,
f80b9d024d0eb116,https://mk.linkedin.com/jobs/view/ai-micro-drama-scriptwriter-100%25-remote-at-foxelli-group-4474702813,AI Micro-Drama Scriptwriter | 100% Remote,,scraped,2026-10-03T09:58:36.841646,
63dd4dd602b4446b,https://mk.linkedin.com/jobs/view/mechanical-maintenance-engineer-at-sidenor-steel-industry-4465699316,MECHANICAL MAINTENANCE ENGINEER,,scraped,2026-10-03T09:58:44.806727,
f81d13d2a9dd59bd,https://mk.linkedin.com/jobs/view/accounting-specialist-at-modelkite-inc-4473922476,Accounting Specialist,,scraped,2026-10-03T09:58:54.726475,
3aaf7a0fbc741c40,https://mk.linkedin.com/jobs/view/german-sales-specialsit-at-jupiter-bpo-4472175793,German Sales Specialsit,,scraped,2026-10-03T09:59:01.618692,
48440c4a9ddf6f30,https://mk.linkedin.com/jobs/view/performance-ad-creator-100%25-remote-at-foxelli-group-4474759729,Performance Ad Creator | 100% Remote,,scraped,2026-10-03T09:59:08.050271,
9d1059ecd8e3a410,https://mk.linkedin.com/jobs/view/data-engineer-at-mentor-talent-acquisition-4472909260,Data Engineer,Mentor Talent Acquisition,posted,2026-10-03T09:59:34.961327,213
1b46316bd536c644,https://mk.linkedin.com/jobs/view/reservel%C3%A6ge-til-1-%C3%A5rig-uklassificeret-stilling-som-akutmedicinsk-l%C3%A6ge-i-akutklinikken-amager-hospital-at-amager-hospital-4473261450,"Reservelæge til 1-årig uklassificeret stilling som akutmedicinsk læge i Akutklinikken, Amager Hospital",Amager Hospital,failed|wp_post_failed,2026-10-03T10:00:10.927089,
36ed7f047fe1b69d,https://mk.linkedin.com/jobs/view/creative-strategist-at-automaite-4473509488,Creative Strategist,Automaite,failed|wp_post_failed,2026-10-03T10:00:41.238469,
3d069d96fc04942b,https://mk.linkedin.com/jobs/view/freelance-author-editor-at-immigrant-invest-4472537830,Freelance Author / Editor,,scraped,2026-10-03T10:00:43.887078,
0325dfe983a586a3,https://mk.linkedin.com/jobs/view/%D0%B4%D0%B8%D0%B3%D0%B8%D1%82%D0%B0%D0%BB%D0%B5%D0%BD-%D0%B0%D1%81%D0%B8%D1%81%D1%82%D0%B5%D0%BD%D1%82-%D0%B2%D0%BE-%D0%BF%D1%80%D0%BE%D0%B4%D0%B0%D0%B6%D0%B5%D0%BD-%D1%81%D0%B0%D0%BB%D0%BE%D0%BD-%D1%81%D1%82%D1%80%D1%83%D0%BC%D0%B8%D1%86%D0%B0-at-a1-makedonija-4472588372,Дигитален асистент во продажен салон (Струмица),,scraped,2026-10-03T10:00:49.956889,
fab0754b127f38e1,https://mk.linkedin.com/jobs/view/data-engineer-data-scientist-%E2%80%94-unstructured-data-ai-pipelines-at-neurons-lab-4474766476,Data Engineer | Data Scientist — Unstructured Data & AI Pipelines,,scraped,2026-10-03T10:00:57.294029,
049f7b0e5483adaf,https://mk.linkedin.com/jobs/view/sales-agent-at-connect-macedonia-4473988745,Sales Agent,,scraped,2026-10-03T10:01:07.504778,
bcf5d860252a1b25,https://mk.linkedin.com/jobs/view/electrical-design-engineer-at-utopia-design-4474064251,Electrical Design Engineer,,scraped,2026-10-07T11:12:47.743885,
3afeb1668a38f4d2,https://mk.linkedin.com/jobs/view/senior-data-engineer-at-valtech-4476300032,Senior Data Engineer,,scraped,2026-10-07T11:14:04.715678,
e9f9ff40ed25ad2d,https://mk.linkedin.com/jobs/view/centre-director-at-nido-early-school-4464898597,Centre Director,,scraped,2026-10-07T11:15:17.656276,
ef1a5ba8f33b5a9b,https://mk.linkedin.com/jobs/view/ecommerce-product-manager-at-promising-talent-agency-4474049106,Ecommerce Product Manager,Promising Talent Agency,posted,2026-10-07T11:16:39.672527,217
2744d86701519b5b,https://mk.linkedin.com/jobs/view/sales-manager-for-children%E2%80%99s-online-courses-remote-at-kodland-4437681482,Sales Manager for Children’s Online Courses (Remote),,scraped,2026-10-07T11:16:44.332286,
bb40ca3a491665ef,https://mk.linkedin.com/jobs/view/educator-at-nido-early-school-4474267295,Educator,,scraped,2026-10-07T11:16:51.770641,
ab1fb85dbf09cc1b,https://mk.linkedin.com/jobs/view/senior-data-analyst-at-ruby-labs-4476362877,Senior Data Analyst,Ruby Labs,posted,2026-10-07T11:18:17.582002,219
34c60fa63de7610f,https://mk.linkedin.com/jobs/view/casual-educator-at-nido-early-school-4465792173,Casual Educator,,scraped,2026-10-07T11:18:20.062308,
7449a3ae2cff2f78,https://mk.linkedin.com/jobs/view/dry-van-dispatcher-at-highboost-corp-4474477038,Dry van dispatcher,HIGHBOOST CORP,posted,2026-10-10T10:43:42.002797,183
b207322fb5177b1f,https://mk.linkedin.com/jobs/view/job-offer-at-pickering-connect-4477116813,Job Offer,,scraped,2026-10-10T10:43:44.592402,
a0576860f638bbf5,https://mk.linkedin.com/jobs/view/assistant-service-manager-at-nido-early-school-4474255801,Assistant Service Manager,,scraped,2026-10-10T10:43:52.740051,
fac376a38cdc9b26,https://mk.linkedin.com/jobs/view/room-leader-at-nido-early-school-4476823287,Room Leader,,scraped,2026-10-10T10:44:04.535976,
3fa18a2aad67f443,https://mk.linkedin.com/jobs/view/centre-director-at-nido-early-school-4476824272,Centre Director,,scraped,2026-10-10T10:44:16.503464,
117a3e6b3c0ba020,https://mk.linkedin.com/jobs/view/turkish-language-ai-training-expert-at-gramian-consulting-4476916923,Turkish Language & AI Training Expert,,scraped,2026-10-10T10:44:26.613623,
507ac6db0804c3a2,https://mk.linkedin.com/jobs/view/lead-data-analyst-at-ruby-labs-4476370532,Lead Data Analyst,Ruby Labs,posted,2026-10-10T10:44:42.698421,221
